代码,名称,交易所,板块,行业,地域板块,概念题材,是否ST,日K开始日期,日K结束日期,日K行数,训练可用行数,训练可用率
000021,深科技,深交所,深市主板,消费电子,广东板块,"深圳特区,物联网,智能电网,医疗器械概念,央国企改革,超级电容,无人机,区块链,国产芯片,新能源车,半导体概念,第三代半导体,储能概念,存储芯片,电网概念",0,2023-05-26,2026-05-25,724,707,0.9765
000062,深圳华强,深交所,深市主板,其他电子Ⅱ,广东板块,"创投,深圳特区,互联网金融,电商概念,华为概念,MLCC,新能源车,半导体概念,第三代半导体,华为昇腾,华为海思",0,2023-05-26,2026-05-25,724,677,0.9351
000063,中兴通讯,深交所,深市主板,通信设备,广东板块,"深圳特区,物联网,云计算,智慧城市,智能穿戴,网络安全,在线教育,量子科技,5G概念,人工智能,工业互联,超清视频,边缘计算,国产芯片,无线耳机,IPv6,卫星互联网,数据中心,屏下摄像,无线充电,6G概念,信创,算力概念,液冷概念,AI手机,低空经济,消费电子概念,通信技术,光纤概念",0,2023-05-26,2026-05-25,724,713,0.9848
000338,潍柴动力,深交所,深市主板,汽车零部件,山东板块,"节能环保,燃料电池概念,央国企改革,一带一路,无人驾驶,氢能源,新能源车,数据中心,固态电池,电池技术",0,2023-05-26,2026-05-25,724,721,0.9959
000513,丽珠集团,深交所,深市主板,化学制药,广东板块,"生物疫苗,中药概念,基因测序,精准医疗,单抗概念,流感,辅助生殖,幽门螺杆菌概念,重组蛋白,创新药,减肥药,病原体防治",0,2023-05-26,2026-05-25,724,722,0.9972
000526,学大教育,深交所,深市主板,教育,福建板块,"在线教育,人工智能,半导体概念,职业教育",0,2023-05-26,2026-05-25,724,706,0.9751
000603,盛达资源,深交所,深市主板,贵金属,北京板块,黄金概念,0,2023-05-26,2026-05-25,716,691,0.9651
000762,西藏矿业,深交所,深市主板,能源金属,西藏板块,"稀缺资源,新材料,锂电池概念,西部大开发,央国企改革,小金属概念,锂矿概念,电池技术",0,2023-05-26,2026-05-25,724,709,0.9793
000792,盐湖股份,深交所,深市主板,农化制品,青海板块,"化工原料,稀缺资源,锂电池概念,西部大开发,央国企改革,新能源车,锂矿概念,电池技术",0,2023-05-26,2026-05-25,724,723,0.9986
000807,云铝股份,深交所,深市主板,工业金属,云南板块,"节能环保,稀缺资源,西部大开发,燃料电池概念,央国企改革,新能源车,电池技术",0,2023-05-26,2026-05-25,724,721,0.9959
000811,冰轮环境,深交所,深市主板,通用设备,山东板块,"节能环保,创投,核能核电,地热能,海洋经济,燃料电池概念,央国企改革,体育产业,冷链物流,氢能源,数据中心,氦气概念,碳交易,东数西算,中俄贸易概念,空气能热泵,熔盐储能,液冷概念,可控核聚变,冰雪经济,雅下水电概念,电池技术",0,2023-05-26,2026-05-25,724,705,0.9738
000880,潍柴重机,深交所,深市主板,汽车零部件,山东板块,"海工装备,央国企改革,数据中心,发电机概念",0,2023-05-26,2026-05-25,724,680,0.9392
000933,神火股份,深交所,深市主板,工业金属,河南板块,"煤化工概念,稀缺资源,央国企改革,钠离子电池",0,2023-05-26,2026-05-25,724,719,0.9931
000935,四川双马,深交所,深市主板,多元金融,四川板块,"创投,成渝特区,西部大开发,独角兽,医美概念,减肥药",0,2023-05-26,2026-05-25,724,715,0.9876
000938,紫光股份,深交所,深市主板,IT服务Ⅱ,北京板块,"互联网服务,创投,物联网,云计算,大数据,网络安全,安防概念,5G概念,人工智能,区块链,国产芯片,IPv6,WiFi,车联网(车路云),数字经济,东数西算,CPO概念,算力概念,液冷概念,英伟达概念,DeepSeek概念,通信技术",0,2023-05-26,2026-05-25,724,715,0.9876
000963,华东医药,深交所,深市主板,化学制药,浙江板块,"长江三角,中药概念,医疗器械概念,人工智能,冷链物流,单抗概念,医美概念,创新药,减肥药,合成生物,新消费",0,2023-05-26,2026-05-25,724,723,0.9986
001220,世盟股份,深交所,深市主板,物流,北京板块,"次新股,京津冀",0,2026-02-03,2026-05-25,70,67,0.9571
001228,永泰运,深交所,深市主板,物流,浙江板块,统一大市场,0,2023-05-26,2026-05-25,724,711,0.982
001229,魅视科技,深交所,深市主板,计算机设备,广东板块,"智慧城市,人工智能,商业航天,信创,AI应用",0,2023-05-26,2026-05-25,724,698,0.9641
001255,博菲电气,深交所,深市主板,塑料,浙江板块,"军工,节能环保,化工原料,新材料,核能核电,光伏概念,铁路基建,长江三角,风能,水利建设,新能源车,有机硅概念,磁悬浮概念,IGBT概念,BC电池",0,2023-05-26,2026-05-25,724,687,0.9489
001277,速达股份,深交所,深市主板,专用设备,河南板块,微盘股,0,2024-09-03,2026-05-25,413,399,0.9661
001279,强邦新材,深交所,深市主板,包装印刷,安徽板块,造纸印刷,0,2024-10-11,2026-05-25,392,384,0.9796
001287,中电港,深交所,深市主板,其他电子Ⅱ,广东板块,"央国企改革,国产软件,人工智能,小米概念,边缘计算,国产芯片,跨境电商,存储芯片,英伟达概念,华为海思,DeepSeek概念",0,2023-05-26,2026-05-25,724,704,0.9724
001311,多利科技,深交所,深市主板,汽车零部件,安徽板块,"特斯拉概念,新能源车,汽车一体化压铸",0,2023-05-26,2026-05-25,724,713,0.9848
001328,登康口腔,深交所,深市主板,个护用品,重庆板块,"西部大开发,医疗器械概念,央国企改革,超级品牌,零售概念",0,2023-05-26,2026-05-25,724,717,0.9903
001336,楚环科技,深交所,深市主板,环保设备Ⅱ,浙江板块,"垃圾分类,微盘股",0,2023-05-26,2026-05-25,724,700,0.9669
001388,信通电子,深交所,深市主板,电网设备,山东板块,"次新股,物联网,智能电网,国产软件,一带一路,5G概念,人工智能,工业互联,华为概念,边缘计算,WiFi,特高压,机器视觉,激光雷达,中俄贸易概念,电子身份证,机器人概念,算力概念,新型工业化,多模态AI,电网概念,通信技术",0,2025-07-01,2026-05-25,217,216,0.9954
001395,亚联机械,深交所,深市主板,专用设备,吉林板块,,0,2025-01-27,2026-05-25,317,307,0.9685
002001,新 和 成,深交所,深市主板,化学制品,浙江板块,"创投,化工原料,新材料,青蒿素,维生素",0,2023-05-26,2026-05-25,724,723,0.9986
002074,国轩高科,深交所,深市主板,电池,安徽板块,"新能源,锂电池概念,智能电网,长江三角,风能,充电桩,华为概念,新能源车,数据中心,固态电池,换电概念,储能概念,动力电池回收,飞行汽车(eVTOL),低空经济,电网概念,电池技术",0,2023-05-26,2026-05-25,724,714,0.9862
002128,电投能源,深交所,深市主板,煤炭开采,内蒙古,"稀缺资源,光伏概念,西部大开发,风能,央国企改革,并购重组概念",0,2023-05-26,2026-05-25,715,714,0.9986
002134,天津普林,深交所,深市主板,元件,天津板块,"滨海新区,大飞机,PCB",0,2023-05-26,2026-05-25,724,692,0.9558
002138,顺络电子,深交所,深市主板,元件,广东板块,"深圳特区,物联网,移动支付,燃料电池概念,无人机,5G概念,小米概念,华为概念,传感器,无线充电,被动元件概念,消费电子概念,电池技术,通信技术",0,2023-05-26,2026-05-25,724,722,0.9972
002142,宁波银行,深交所,深市主板,银行Ⅱ,浙江板块,互联网金融,0,2023-05-26,2026-05-25,724,723,0.9986
002158,汉钟精机,深交所,深市主板,通用设备,上海板块,"节能环保,光伏概念,长江三角,地热能,燃料电池概念,工业互联,冷链物流,氢能源,新能源车,半导体概念,数据中心,空气能热泵,电池技术",0,2023-05-26,2026-05-25,724,705,0.9738
002190,成飞集成,深交所,深市主板,汽车零部件,四川板块,"军工,锂电池概念,西部大开发,央国企改革,无人机,大飞机,新能源车,华为汽车,电池技术",0,2023-05-26,2026-05-25,724,697,0.9627
002261,拓维信息,深交所,深市主板,软件开发,湖南板块,"网络游戏,云计算,大数据,在线教育,阿里概念,人工智能,工业互联,独角兽,华为概念,边缘计算,智慧政务,车联网(车路云),鸿蒙概念,华为昇腾,华为欧拉,东数西算,机器人概念,信创,液冷概念,DeepSeek概念",0,2023-05-26,2026-05-25,724,683,0.9434
002273,水晶光电,深交所,深市主板,光学光电子,浙江板块,"光伏概念,长江三角,智能穿戴,苹果概念,安防概念,蓝宝石,虚拟现实,增强现实,无人驾驶,小米概念,独角兽,超清视频,3D摄像头,生物识别,激光雷达,元宇宙概念,AI手机,荣耀概念,AI眼镜,人形机器人,消费电子概念,显示技术",0,2023-05-26,2026-05-25,724,713,0.9848
002294,信立泰,深交所,深市主板,化学制药,广东板块,"深圳特区,参股保险,医疗器械概念,单抗概念,创新药,减肥药",0,2023-05-26,2026-05-25,724,713,0.9848
002315,焦点科技,深交所,深市主板,互联网电商,江苏板块,"互联网服务,创投,长江三角,互联网金融,在线教育,电商概念,人工智能,AI智能体,信创,AIGC概念,跨境电商,ERP概念,AI应用",0,2023-05-26,2026-05-25,724,702,0.9696
002352,顺丰控股,深交所,深市主板,物流,广东板块,"深圳特区,云计算,大数据,无人机,人工智能,军民融合,区块链,冷链物流,车联网(车路云),快递概念,REITs概念,跨境电商,低空经济",0,2023-05-26,2026-05-25,724,724,1.0
002378,章源钨业,深交所,深市主板,小金属,江西板块,"稀缺资源,小金属概念",0,2023-05-26,2026-05-25,724,703,0.971
002380,科远智慧,深交所,深市主板,IT服务Ⅱ,江苏板块,"互联网服务,长江三角,智慧城市,国产软件,人工智能,工业互联,华为概念,边缘计算,垃圾分类,虚拟电厂,超超临界发电,机器人概念,信创,新型工业化,AI应用",0,2023-05-26,2026-05-25,724,701,0.9682
002396,星网锐捷,深交所,深市主板,通信设备,福建板块,"物联网,移动支付,网络安全,在线教育,智能家居,央国企改革,人脑工程,5G概念,人工智能,华为概念,数字货币,IPv6,WiFi,车联网(车路云),数据中心,元宇宙概念,数字经济,F5G概念,信创,CPO概念,光通信模块,通信技术",0,2023-05-26,2026-05-25,724,717,0.9903
002402,和而泰,深交所,深市主板,家电零部件Ⅱ,广东板块,"军工,深圳特区,物联网,大数据,智能穿戴,智能家居,一带一路,5G概念,人工智能,小米概念,国产芯片,氮化镓,半导体概念,卫星互联网,第三代半导体,商业航天,储能概念,汽车热管理,机器人概念,毫米波概念,小米汽车,华为海思,DeepSeek概念,消费电子概念,通信技术",0,2023-05-26,2026-05-25,724,696,0.9613
002407,多氟多,深交所,深市主板,化学制品,河南板块,"创投,化工原料,新材料,锂电池概念,特斯拉概念,氟化工概念,独角兽,新能源车,半导体概念,固态电池,钠离子电池,储能概念,PVDF概念,电池技术",0,2023-05-26,2026-05-25,724,703,0.971
002415,海康威视,深交所,深市主板,计算机设备,浙江板块,"物联网,云计算,长江三角,智慧城市,大数据,安防概念,央国企改革,无人机,虚拟现实,人工智能,无人驾驶,超清视频,边缘计算,车联网(车路云),生物识别,机器人概念,存储芯片,AI应用,光纤概念",0,2023-05-26,2026-05-25,724,724,1.0
002422,科伦药业,深交所,深市主板,化学制药,四川板块,"西部大开发,流感,幽门螺杆菌概念,肝炎概念,创新药,合成生物",0,2023-05-26,2026-05-25,724,720,0.9945
002430,杭氧股份,深交所,深市主板,化学制品,浙江板块,"煤化工概念,央国企改革,一带一路,天然气,氢能源,半导体概念,氦气概念,商业航天,工业气体,可控核聚变,油气资源",0,2023-05-26,2026-05-25,724,717,0.9903
002436,兴森科技,深交所,深市主板,元件,广东板块,"军工,深圳特区,互联网金融,5G概念,军民融合,华为概念,PCB,国产芯片,半导体概念,卫星互联网,机器人概念,光通信模块,高带宽内存,低空经济,通信技术",0,2023-05-26,2026-05-25,724,703,0.971
002444,巨星科技,深交所,深市主板,通用设备,浙江板块,"参股银行,电商概念,智能家居,IPO受益,人工智能,无人驾驶,贬值受益,储能概念,激光雷达,机器人概念,跨境电商",0,2023-05-26,2026-05-25,724,717,0.9903
002552,宝鼎科技,深交所,深市主板,元件,浙江板块,"黄金概念,央国企改革,一带一路,PCB",0,2023-05-26,2026-05-25,724,698,0.9641
002558,巨人网络,深交所,深市主板,游戏Ⅱ,重庆板块,"创投,网络游戏,西部大开发,参股保险,互联网金融,虚拟现实,人工智能,百度概念,电子竞技,华为概念,蚂蚁概念,鸿蒙概念,元宇宙概念,AIGC概念,AI应用,文娱消费",0,2023-05-26,2026-05-25,724,712,0.9834
002580,圣阳股份,深交所,深市主板,电池,山东板块,"新能源,创投,锂电池概念,光伏概念,央国企改革,雄安新区,数据中心,鸿蒙概念,固态电池,钠离子电池,储能概念,液冷概念,电池技术",0,2023-05-26,2026-05-25,724,691,0.9544
002655,共达电声,深交所,深市主板,消费电子,山东板块,"智能穿戴,苹果概念,智能家居,无人机,小米概念,独角兽,华为概念,电子烟,国产芯片,无线耳机,传感器,半导体概念,生物识别,元宇宙概念,消费电子概念",0,2023-05-26,2026-05-25,724,706,0.9751
002730,电光科技,深交所,深市主板,专用设备,浙江板块,"物联网,人工智能,鸿蒙概念,算力概念",0,2023-05-26,2026-05-25,724,684,0.9448
002757,南兴股份,深交所,深市主板,专用设备,广东板块,"云计算,网络安全,AI智能体,华为概念,VPN,数据中心,工业母机,东数西算,中俄贸易概念,算力概念",0,2023-05-26,2026-05-25,724,688,0.9503
002759,天际股份,深交所,深市主板,电池,广东板块,"锂电池概念,氟化工概念,钠离子电池,磷化工,电池技术",0,2023-05-26,2026-05-25,724,675,0.9323
002801,微光股份,深交所,深市主板,电机Ⅱ,浙江板块,"锂电池概念,一带一路,冷链物流,新能源车,机器人概念,人形机器人,电池技术",0,2023-05-26,2026-05-25,724,715,0.9876
002827,高争民爆,深交所,深市主板,化学制品,西藏板块,"西部大开发,央国企改革,民爆概念,雅下水电概念",0,2023-05-26,2026-05-25,724,691,0.9544
002838,道恩股份,深交所,深市主板,塑料,山东板块,"新材料,特斯拉概念,5G概念,小米概念,降解塑料,通信技术",0,2023-05-26,2026-05-26,715,697,0.9748
002841,视源股份,深交所,深市主板,消费电子,广东板块,"智能穿戴,在线教育,智能家居,人工智能,小米概念,超清视频,机器人概念,DeepSeek概念,AI应用,消费电子概念,显示技术",0,2023-05-26,2026-05-25,724,719,0.9931
002842,翔鹭钨业,深交所,深市主板,小金属,广东板块,小金属概念,0,2023-05-26,2026-05-25,724,694,0.9586
002864,盘龙药业,深交所,深市主板,中药Ⅱ,陕西板块,"西部大开发,中药概念,养老概念,电商概念,独家药品,流感,肝炎概念,创新药,特色药,病原体防治",0,2023-05-26,2026-05-25,724,716,0.989
002891,中宠股份,深交所,深市主板,饲料,山东板块,"电商概念,阿里概念,宠物经济,新消费",0,2023-05-26,2026-05-25,724,718,0.9917
002895,川恒股份,深交所,深市主板,农化制品,贵州板块,"西部大开发,磷化工",0,2023-05-26,2026-05-25,724,716,0.989
002899,英派斯,深交所,深市主板,文娱用品,山东板块,"体育产业,冰雪经济",0,2023-05-26,2026-05-25,724,698,0.9641
002902,铭普光磁,深交所,深市主板,通信设备,广东板块,"光伏概念,智能穿戴,电商概念,充电桩,5G概念,华为概念,国产芯片,新能源车,氮化镓,半导体概念,数据中心,第三代半导体,储能概念,F5G概念,跨境电商,CPO概念,算力概念,光通信模块,消费电子概念,通信技术",0,2023-05-26,2026-05-25,724,677,0.9351
002906,华阳集团,深交所,深市主板,汽车零部件,广东板块,"创投,无人驾驶,百度概念,华为概念,胎压监测,车联网(车路云),无线充电,华为汽车,汽车热管理,汽车一体化压铸,电子后视镜,光通信模块,小米汽车,飞行汽车(eVTOL),英伟达概念,人形机器人",0,2023-05-26,2026-05-25,724,715,0.9876
002921,联诚精密,深交所,深市主板,汽车零部件,山东板块,"燃料电池概念,氢能源,机器人概念,减速器,机器人执行器,电池技术",0,2023-05-26,2026-05-25,724,700,0.9669
002933,新兴装备,深交所,深市主板,航空装备Ⅱ,北京板块,"航天航空,军工,央国企改革,无人机,军民融合,机器人概念,机器人执行器,低空经济,人形机器人",0,2023-05-26,2026-05-25,724,708,0.9779
002937,兴瑞科技,深交所,深市主板,汽车零部件,浙江板块,"物联网,特斯拉概念,智能家居,一带一路,5G概念,虚拟现实,无人驾驶,超清视频,新能源车,传感器,WiFi,液冷概念,通信技术",0,2023-05-26,2026-05-25,724,716,0.989
002940,昂利康,深交所,深市主板,化学制药,浙江板块,"宠物经济,创新药,合成生物",0,2023-05-26,2026-05-25,724,690,0.953
002956,西麦食品,深交所,深市主板,休闲食品,广西板块,西部大开发,0,2023-05-26,2026-05-25,724,714,0.9862
002965,祥鑫科技,深交所,深市主板,汽车零部件,广东板块,"创投,光伏概念,特斯拉概念,充电桩,5G概念,无人驾驶,华为概念,新能源车,数据中心,固态电池,华为汽车,储能概念,机器视觉,汽车热管理,机器人概念,汽车一体化压铸,液冷概念,小米汽车,飞行汽车(eVTOL),低空经济,人形机器人,电池技术,通信技术",0,2023-05-26,2026-05-25,724,707,0.9765
002971,和远气体,深交所,深市主板,化学制品,湖北板块,"节能环保,化工原料,燃料电池概念,天然气,氢能源,新能源车,湖北自贸,尾气治理,氦气概念,工业气体,电池技术,油气资源",0,2023-05-26,2026-05-25,724,712,0.9834
002976,瑞玛精密,深交所,深市主板,汽车零部件,江苏板块,"锂电池概念,特斯拉概念,一带一路,5G概念,无人驾驶,新能源车,华为汽车,电池技术,通信技术",0,2023-05-26,2026-05-25,724,684,0.9448
002977,*ST天箭,深交所,深市主板,军工电子Ⅱ,四川板块,"军工,西部大开发,氮化镓,第三代半导体,商业航天",1,2023-05-26,2026-05-26,724,638,0.8812
002978,安宁股份,深交所,深市主板,小金属,四川板块,"参股银行,西部大开发,钛白粉概念,钒电池,电池技术",0,2023-05-26,2026-05-25,724,717,0.9903
002985,北摩高科,深交所,深市主板,航空装备Ⅱ,北京板块,"航天航空,军工,铁路基建,通用航空,无人机,军民融合,大飞机,国产芯片,商业航天,低空经济",0,2023-05-26,2026-05-25,724,713,0.9848
002988,豪美新材,深交所,深市主板,工业金属,广东板块,"新材料,新能源车,华为汽车,建筑节能",0,2023-05-26,2026-05-25,724,704,0.9724
002989,中天精装,深交所,深市主板,装修装饰Ⅱ,广东板块,"深圳特区,央国企改革",0,2023-05-26,2026-05-26,723,697,0.964
002997,瑞鹄模具,深交所,深市主板,汽车零部件,安徽板块,"新能源车,机器人概念,汽车一体化压铸,小米汽车",0,2023-05-26,2026-05-25,724,713,0.9848
003017,大洋生物,深交所,深市主板,化学原料,浙江板块,"氟化工概念,一带一路,半导体概念,中俄贸易概念,PEEK材料概念,微盘股,合成生物",0,2023-05-26,2026-05-25,724,712,0.9834
003019,宸展光电,深交所,深市主板,光学光电子,福建板块,"物联网,智慧城市,人工智能,贬值受益,新能源车,车联网(车路云),信创",0,2023-05-26,2026-05-25,724,713,0.9848
003023,彩虹集团,深交所,深市主板,小家电,四川板块,"西部大开发,婴童概念,电商概念,医疗器械概念,宠物经济",0,2023-05-26,2026-05-25,724,711,0.982
600036,招商银行,上交所,沪市主板,银行Ⅱ,广东板块,"深圳特区,互联网金融,跨境支付",0,2023-05-26,2026-05-25,724,724,1.0
600038,中直股份,上交所,沪市主板,航空装备Ⅱ,黑龙江,"航天航空,军工,通用航空,央国企改革,无人机,军民融合,大飞机,飞行汽车(eVTOL),低空经济",0,2023-05-26,2026-05-25,724,724,1.0
600066,宇通客车,上交所,沪市主板,商用车,河南板块,"燃料电池概念,无人驾驶,新能源车,车联网(车路云),汽车整车,电池技术",0,2023-05-26,2026-05-25,724,721,0.9959
600096,云天化,上交所,沪市主板,农化制品,云南板块,"煤化工概念,化工原料,新材料,锂电池概念,西部大开发,央国企改革,氟化工概念,一带一路,碳交易,磷化工,电池技术",0,2023-05-26,2026-05-25,724,721,0.9959
600114,XD东睦股,上交所,沪市主板,通用设备,浙江板块,"新材料,长江三角,3D打印,特斯拉概念,苹果概念,燃料电池概念,小米概念,华为概念,机器人概念,光通信模块,柔性屏(折叠屏),英伟达概念,电池技术",0,2023-05-26,2026-05-25,714,699,0.979
600141,兴发集团,上交所,沪市主板,农化制品,湖北板块,"化工原料,稀缺资源,参股银行,锂电池概念,央国企改革,氟化工概念,氢能源,半导体概念,湖北自贸,中芯概念,草甘膦,有机硅概念,固态电池,磷化工,电池技术",0,2023-05-26,2026-05-25,724,722,0.9972
600160,巨化股份,上交所,沪市主板,化学制品,浙江板块,"创投,化工原料,锂电池概念,长江三角,央国企改革,氟化工概念,国产芯片,半导体概念,中芯概念,碳交易,工业气体,PVDF概念,液冷概念,电池技术",0,2023-05-26,2026-05-25,724,719,0.9931
600171,上海贝岭,上交所,沪市主板,半导体,上海板块,"参股券商,物联网,LED概念,智能电网,长江三角,央国企改革,充电桩,华为概念,国产芯片,无线耳机,半导体概念,第三代半导体,IGBT概念,光通信模块,存储芯片,消费电子概念,电网概念,通信技术",0,2023-05-26,2026-05-25,724,700,0.9669
600176,中国巨石,上交所,沪市主板,玻璃玻纤,浙江板块,"新材料,风能,央国企改革,一带一路,PCB,PEEK材料概念,DeepSeek概念",0,2023-05-26,2026-05-25,724,719,0.9931
600206,有研新材,上交所,沪市主板,半导体,北京板块,"新能源,新材料,稀土永磁,3D打印,医疗器械概念,央国企改革,小金属概念,5G概念,OLED,华为概念,国产芯片,传感器,半导体概念,尾气治理,中芯概念,存储芯片,通信技术",0,2023-05-26,2026-05-25,724,701,0.9682
600298,安琪酵母,上交所,沪市主板,调味发酵品Ⅱ,湖北板块,"央国企改革,湖北自贸,长寿药,化妆品概念,合成生物",0,2023-05-26,2026-05-25,724,724,1.0
600316,洪都航空,上交所,沪市主板,航空装备Ⅱ,江西板块,"航天航空,军工,通用航空,央国企改革,航母概念,大飞机,低空经济",0,2023-05-26,2026-05-25,724,710,0.9807
600323,瀚蓝环境,上交所,沪市主板,环境治理,广东板块,"节能环保,创投,央国企改革,PPP模式,天然气,垃圾分类,碳交易,油气资源",0,2023-05-26,2026-05-26,723,723,1.0
600330,天通股份,上交所,沪市主板,电子化学品Ⅱ,浙江板块,"新材料,锂电池概念,LED概念,光伏概念,长江三角,特斯拉概念,蓝宝石,小金属概念,充电桩,5G概念,OLED,超清视频,PCB,国产芯片,新能源车,半导体概念,MicroLED,无线充电,商业航天,储能概念,CPO概念,光通信模块,消费电子概念,电池技术,通信技术",0,2023-05-26,2026-05-25,724,697,0.9627
600378,昊华科技,上交所,沪市主板,化学制品,四川板块,"军工,成渝特区,西部大开发,燃料电池概念,央国企改革,氟化工概念,航母概念,大飞机,氢能源,中芯概念,碳交易,工业气体,PVDF概念,液冷概念,电池技术",0,2023-05-26,2026-05-25,724,718,0.9917
600426,华鲁恒升,上交所,沪市主板,农化制品,山东板块,"煤化工概念,化工原料,锂电池概念,央国企改革,电池技术",0,2023-05-26,2026-05-25,724,724,1.0
600456,宝钛股份,上交所,沪市主板,小金属,陕西板块,"军工,稀缺资源,新材料,西部大开发,3D打印,苹果概念,央国企改革,小金属概念,航母概念,大飞机,商业航天",0,2023-05-26,2026-05-25,724,717,0.9903
600460,士兰微,上交所,沪市主板,半导体,浙江板块,"LED概念,长江三角,智能穿戴,OLED,国产芯片,氮化镓,半导体概念,第三代半导体,碳化硅,IGBT概念,消费电子概念",0,2023-05-26,2026-05-25,724,717,0.9903
600520,三佳科技,上交所,沪市主板,专用设备,安徽板块,"央国企改革,国产芯片,半导体概念,机器人概念,先进封装",0,2023-05-26,2026-05-26,720,661,0.9181
600547,山东黄金,上交所,沪市主板,贵金属,山东板块,"稀缺资源,黄金概念,央国企改革,贬值受益",0,2023-05-26,2026-05-25,724,718,0.9917
600593,大连圣亚,上交所,沪市主板,旅游及景区,辽宁板块,"旅游酒店,参股银行,央国企改革,旅游概念,东北振兴,谷子经济,冰雪经济,文娱消费",0,2023-05-26,2026-05-25,719,666,0.9263
600605,汇通能源,上交所,沪市主板,一般零售,上海板块,"长江三角,半导体概念",0,2023-05-26,2026-05-25,724,703,0.971
600612,老凤祥,上交所,沪市主板,饰品,上海板块,"参股券商,参股银行,黄金概念,长江三角,沪企改革,央国企改革",0,2023-05-26,2026-05-25,724,720,0.9945
600673,东阳光,上交所,沪市主板,综合Ⅱ,广东板块,"新材料,成渝特区,锂电池概念,氟化工概念,华为概念,数据中心,储能概念,PVDF概念,东数西算,机器人概念,液冷概念,锂矿概念,人形机器人,电池技术",0,2023-05-26,2026-05-26,716,701,0.9791
600685,中船防务,上交所,沪市主板,航海装备Ⅱ,广东板块,"军工,参股银行,海工装备,央国企改革,船舶制造",0,2023-05-26,2026-05-25,724,720,0.9945
600699,均胜电子,上交所,沪市主板,汽车零部件,浙江板块,"特斯拉概念,充电桩,无人驾驶,华为概念,新能源车,车联网(车路云),无线充电,华为汽车,激光雷达,光通信模块,高压快充,小米汽车,英伟达概念,人形机器人",0,2023-05-26,2026-05-25,724,715,0.9876
600779,水井坊,上交所,沪市主板,白酒Ⅱ,四川板块,"酿酒概念,创投,成渝特区,西部大开发,白酒,社区团购,味蕾经济",0,2023-05-26,2026-05-25,724,714,0.9862
600885,宏发股份,上交所,沪市主板,电网设备,湖北板块,"新能源,新材料,光伏概念,特斯拉概念,一带一路,新能源车,数据中心",0,2023-05-26,2026-05-25,724,718,0.9917
600895,张江高科,上交所,沪市主板,房地产开发,上海板块,"创投,参股券商,上海自贸,沪企改革,央国企改革,阿里概念,人工智能,租售同权,独角兽,光刻机(胶),国产芯片,新能源车,半导体概念,蚂蚁概念,REITs概念",0,2023-05-26,2026-05-25,724,695,0.9599
600938,中国海油,上交所,沪市主板,油气开采Ⅱ,,"新能源,风能,油气设服,央国企改革,天然气,绿色电力,油气资源",0,2023-05-26,2026-05-25,724,721,0.9959
600976,健民集团,上交所,沪市主板,中药Ⅱ,湖北板块,"中药概念,独家药品,流感,特色药",0,2023-05-26,2026-05-25,724,719,0.9931
601069,西部黄金,上交所,沪市主板,贵金属,新疆板块,"黄金概念,西部大开发,央国企改革,小金属概念,贬值受益",0,2023-05-26,2026-05-25,724,696,0.9613
601168,西部矿业,上交所,沪市主板,工业金属,青海板块,"稀缺资源,新材料,黄金概念,西部大开发,央国企改革,小金属概念,钒电池,锂矿概念,电池技术",0,2023-05-26,2026-05-25,724,719,0.9931
601601,中国太保,上交所,沪市主板,保险Ⅱ,上海板块,"长江三角,养老概念,蚂蚁概念",0,2023-05-26,2026-05-25,724,721,0.9959
601606,长城军工,上交所,沪市主板,地面兵装Ⅱ,安徽板块,"军工,央国企改革,军民融合,新能源车",0,2023-05-26,2026-05-25,724,685,0.9461
601628,中国人寿,上交所,沪市主板,保险Ⅱ,北京板块,"参股期货,参股银行,央国企改革,蚂蚁概念",0,2023-05-26,2026-05-25,724,720,0.9945
601698,中国卫通,上交所,沪市主板,航天装备Ⅱ,北京板块,"北斗导航,央国企改革,一带一路,卫星互联网,商业航天,低空经济",0,2023-05-26,2026-05-25,724,700,0.9669
601877,正泰电器,上交所,沪市主板,电网设备,浙江板块,"智能电网,光伏概念,长江三角,石墨烯,特斯拉概念,储能概念,电网概念",0,2023-05-26,2026-05-25,724,720,0.9945
601899,紫金矿业,上交所,沪市主板,工业金属,福建板块,"稀缺资源,黄金概念,央国企改革,小金属概念,一带一路,贬值受益,锂矿概念",0,2023-05-26,2026-05-25,724,722,0.9972
601995,中金公司,上交所,沪市主板,证券Ⅱ,北京板块,"互联网金融,券商概念,并购重组概念",0,2023-05-26,2026-05-25,704,698,0.9915
603005,晶方科技,上交所,沪市主板,半导体,江苏板块,"5G概念,增强现实,华为概念,光刻机(胶),国产芯片,3D摄像头,传感器,氮化镓,半导体概念,第三代半导体,汽车芯片,生物识别,先进封装,高带宽内存,玻璃基板,通信技术",0,2023-05-26,2026-05-25,724,709,0.9793
603014,威高血净,上交所,沪市主板,医疗器械,山东板块,医疗器械概念,0,2025-05-19,2026-05-26,238,235,0.9874
603059,倍加洁,上交所,沪市主板,个护用品,江苏板块,"参股银行,跨境电商",0,2023-05-26,2026-05-25,724,709,0.9793
603068,博通集成,上交所,沪市主板,半导体,上海板块,"物联网,北斗导航,上海自贸,阿里概念,无人机,无人驾驶,小米概念,华为概念,ETC,国产芯片,无线耳机,WiFi,半导体概念,汽车芯片,消费电子概念,通信技术",0,2023-05-26,2026-05-25,724,692,0.9558
603072,天和磁材,上交所,沪市主板,金属新材料,内蒙古,"新材料,稀土永磁,小金属概念,机器人概念",0,2025-01-03,2026-05-25,333,321,0.964
603082,北自科技,上交所,沪市主板,自动化设备,北京板块,"军工,央国企改革,国产软件,数字孪生,机器人概念,新型工业化",0,2024-01-30,2026-05-26,552,531,0.962
603099,长白山,上交所,沪市主板,旅游及景区,吉林板块,"旅游酒店,央国企改革,冰雪经济",0,2023-05-26,2026-05-25,724,687,0.9489
603127,昭衍新药,上交所,沪市主板,医疗服务,北京板块,"生物疫苗,CRO,创新药,创新医疗服务",0,2023-05-26,2026-05-25,724,695,0.9599
603173,福斯达,上交所,沪市主板,专用设备,浙江板块,"天然气,油气资源",0,2023-05-26,2026-05-25,724,716,0.989
603194,中力股份,上交所,沪市主板,工程机械,浙江板块,"新能源车,工程机械概念,机器人概念",0,2024-12-24,2026-05-25,340,334,0.9824
603197,保隆科技,上交所,沪市主板,汽车零部件,上海板块,"特斯拉概念,无人驾驶,胎压监测,新能源车,传感器,华为汽车,毫米波概念,小米汽车,低空经济",0,2023-05-26,2026-05-25,724,718,0.9917
603198,迎驾贡酒,上交所,沪市主板,白酒Ⅱ,安徽板块,"酿酒概念,白酒,味蕾经济",0,2023-05-26,2026-05-25,724,716,0.989
603199,九华旅游,上交所,沪市主板,旅游及景区,安徽板块,"旅游酒店,电商概念,央国企改革,旅游概念,文娱消费",0,2023-05-26,2026-05-25,724,712,0.9834
603211,晋拓股份,上交所,沪市主板,汽车零部件,上海板块,"特斯拉概念,智能家居,无人驾驶,机器人概念,毫米波概念",0,2023-05-26,2026-05-25,724,690,0.953
603216,梦天家居,上交所,沪市主板,家居用品,浙江板块,工业互联,0,2023-05-26,2026-05-26,716,682,0.9525
603220,中贝通信,上交所,沪市主板,通信服务,湖北板块,"物联网,锂电池概念,一带一路,5G概念,6G概念,储能概念,激光雷达,F5G概念,CPO概念,算力概念,DeepSeek概念,电池技术,通信技术",0,2023-05-26,2026-05-25,724,695,0.9599
603255,鼎际得,上交所,沪市主板,化学制品,辽宁板块,,0,2023-05-26,2026-05-25,724,716,0.989
603261,*ST立航,上交所,沪市主板,航空装备Ⅱ,四川板块,"航天航空,军工,西部大开发,无人机,机器人概念,可控核聚变,低空经济",1,2023-05-26,2026-05-26,724,606,0.837
603272,*ST联翔,上交所,沪市主板,家居用品,浙江板块,,1,2023-05-26,2026-05-26,724,628,0.8674
603280,南方路机,上交所,沪市主板,工程机械,福建板块,"物联网,核能核电,一带一路,人工智能,工程机械概念,中俄贸易概念,机器人概念,跨境电商,DeepSeek概念",0,2023-05-26,2026-05-25,724,687,0.9489
603281,江瀚新材,上交所,沪市主板,化学制品,湖北板块,有机硅概念,0,2023-05-26,2026-05-25,724,721,0.9959
603288,海天味业,上交所,沪市主板,调味发酵品Ⅱ,广东板块,"超级品牌,调味品概念,味蕾经济",0,2023-05-26,2026-05-25,724,722,0.9972
603312,西典新能,上交所,沪市主板,电网设备,江苏板块,"新能源,锂电池概念,光伏概念,铁路基建,特斯拉概念,新能源车,华为汽车,储能概念,电池技术",0,2024-01-11,2026-05-25,569,555,0.9754
603319,美湖股份,上交所,沪市主板,汽车零部件,湖南板块,"特斯拉概念,无人驾驶,华为概念,新能源车,激光雷达,汽车热管理,机器人概念,PEEK材料概念,飞行汽车(eVTOL),低空经济,人形机器人",0,2023-05-26,2026-05-25,724,710,0.9807
603322,超讯通信,上交所,沪市主板,通信服务,广东板块,"物联网,移动支付,智慧城市,充电桩,5G概念,人工智能,华为概念,边缘计算,国产芯片,数据中心,智慧灯杆,AIGC概念,算力概念,数据要素,多模态AI,DeepSeek概念,AI应用,通信技术",0,2023-05-26,2026-05-25,724,695,0.9599
603350,安乃达,上交所,沪市主板,电机Ⅱ,上海板块,"传感器,机器人概念,轮毂电机",0,2024-07-03,2026-05-25,457,441,0.965
603352,至信股份,上交所,沪市主板,汽车零部件,重庆板块,"次新股,新能源车,机器人概念",0,2026-01-15,2026-05-25,83,81,0.9759
603355,莱克电气,上交所,沪市主板,小家电,江苏板块,"智能家居,新能源车,网红经济",0,2023-05-26,2026-05-25,724,717,0.9903
603358,华达科技,上交所,沪市主板,汽车零部件,江苏板块,"特斯拉概念,胎压监测,新能源车,中芯概念",0,2023-05-26,2026-05-26,720,706,0.9806
603376,大明电子,上交所,沪市主板,汽车零部件,浙江板块,"次新股,无人驾驶,新能源车",0,2025-11-06,2026-05-25,131,129,0.9847
603380,易德龙,上交所,沪市主板,消费电子,江苏板块,"医疗器械概念,5G概念,新能源车,数据中心,机器人概念,通信技术",0,2023-05-26,2026-05-25,724,708,0.9779
603383,顶点软件,上交所,沪市主板,软件开发,福建板块,"互联网金融,国产软件,AI智能体,区块链,知识产权,数字经济,信创,数据确权,数据要素",0,2023-05-26,2026-05-25,724,706,0.9751
603396,金辰股份,上交所,沪市主板,光伏设备,辽宁板块,"光伏概念,HJT电池,TOPCon电池",0,2023-05-26,2026-05-25,724,708,0.9779
603406,天富龙,上交所,沪市主板,化学纤维,江苏板块,"节能环保,次新股,参股银行,婴童概念",0,2025-08-08,2026-05-25,189,187,0.9894
603489,八方股份,上交所,沪市主板,电机Ⅱ,江苏板块,"共享经济,轮毂电机",0,2023-05-26,2026-05-25,724,707,0.9765
603496,恒为科技,上交所,沪市主板,计算机设备,上海板块,"互联网服务,智能电网,国产软件,5G概念,华为概念,数字孪生,数据安全,机器人概念,信创,算力概念,新型工业化,通信技术",0,2023-05-26,2026-05-26,716,665,0.9288
603556,海兴电力,上交所,沪市主板,电网设备,浙江板块,"物联网,智能电网,充电桩,一带一路,电网概念",0,2023-05-26,2026-05-25,724,718,0.9917
603590,康辰药业,上交所,沪市主板,生物制品,北京板块,"创投,单抗概念,创新药,病原体防治",0,2023-05-26,2026-05-25,724,714,0.9862
603596,伯特利,上交所,沪市主板,汽车零部件,安徽板块,"创投,无人驾驶,新能源车,飞行汽车(eVTOL),人形机器人",0,2023-05-26,2026-05-25,724,716,0.989
603618,杭电股份,上交所,沪市主板,电网设备,浙江板块,"锂电池概念,风能,石墨烯,5G概念,特高压,碳交易,抽水蓄能,光通信模块,电网概念,电池技术,通信技术,光纤概念",0,2023-05-26,2026-05-25,724,680,0.9392
603657,春光科技,上交所,沪市主板,家电零部件Ⅱ,浙江板块,小米概念,0,2023-05-26,2026-05-25,724,680,0.9392
603658,安图生物,上交所,沪市主板,医疗器械,河南板块,"医疗器械概念,体外诊断概念,精准诊断",0,2023-05-26,2026-05-25,724,721,0.9959
603659,璞泰来,上交所,沪市主板,电池,上海板块,"锂电池概念,长江三角,特斯拉概念,新能源车,固态电池,储能概念,PVDF概念,复合集流体,电池技术",0,2023-05-26,2026-05-25,724,710,0.9807
603665,康隆达,上交所,沪市主板,服装家纺,浙江板块,"锂电池概念,医疗器械概念,电池技术",0,2023-05-26,2026-05-25,724,706,0.9751
603666,亿嘉和,上交所,沪市主板,自动化设备,江苏板块,"智能电网,养老概念,充电桩,无人机,华为概念,机器人概念,ChatGPT概念,多模态AI,低空经济,人形机器人,DeepSeek概念,腾讯云,电网概念",0,2023-05-26,2026-05-25,724,691,0.9544
603678,火炬电子,上交所,沪市主板,军工电子Ⅱ,福建板块,"军工,创投,新材料,核能核电,5G概念,军民融合,小米概念,MLCC,半导体概念,商业航天,被动元件概念,通信技术",0,2023-05-26,2026-05-25,724,713,0.9848
603685,晨丰科技,上交所,沪市主板,光学光电子,浙江板块,"LED概念,光伏概念,风能,PCB,绿色电力",0,2023-05-26,2026-05-25,724,708,0.9779
603722,阿科力,上交所,沪市主板,化学制品,江苏板块,"新材料,燃料电池概念,虚拟现实,电池技术",0,2023-05-26,2026-05-25,724,713,0.9848
603813,*ST原尚,上交所,沪市主板,物流,广东板块,"燃料电池概念,氢能源,电池技术",1,2023-05-26,2026-05-26,724,591,0.8163
603816,顾家家居,上交所,沪市主板,家居用品,浙江板块,"电商概念,智能家居",0,2023-05-26,2026-05-26,721,717,0.9945
603826,坤彩科技,上交所,沪市主板,非金属材料Ⅱ,福建板块,"新材料,锂电池概念,钛白粉概念,电池技术",0,2023-05-26,2026-05-25,724,709,0.9793
603860,中公高科,上交所,沪市主板,工程咨询服务Ⅱ,北京板块,"大数据,央国企改革,微盘股",0,2023-05-26,2026-05-25,724,700,0.9669
603867,新化股份,上交所,沪市主板,化学制品,浙江板块,化工原料,0,2023-05-26,2026-05-25,724,717,0.9903
603868,飞科电器,上交所,沪市主板,小家电,上海板块,,0,2023-05-26,2026-05-25,724,719,0.9931
603895,天永智能,上交所,沪市主板,专用设备,上海板块,"锂电池概念,人工智能,数字孪生,新能源车,固态电池,华为汽车,钠离子电池,储能概念,机器人概念,新型工业化,电池技术",0,2023-05-26,2026-05-25,724,697,0.9627
603978,深圳新星,上交所,沪市主板,金属新材料,广东板块,"新材料,深圳特区,锂电池概念,氟化工概念,军民融合,PVDF概念,电池技术",0,2023-05-26,2026-05-25,724,684,0.9448
603992,松霖科技,上交所,沪市主板,家居用品,福建板块,"智能家居,C2M概念,机器人概念",0,2023-05-26,2026-05-25,724,707,0.9765
605058,澳弘电子,上交所,沪市主板,元件,江苏板块,"一带一路,工业互联,PCB,新能源车,卫星互联网,商业航天,新型工业化",0,2023-05-26,2026-05-25,724,708,0.9779
605086,龙高股份,上交所,沪市主板,非金属材料Ⅱ,福建板块,"稀缺资源,央国企改革,资源开采概念",0,2023-05-26,2026-05-25,724,691,0.9544
605088,冠盛股份,上交所,沪市主板,汽车零部件,浙江板块,"锂电池概念,贬值受益,新能源车,固态电池,华为汽车,储能概念,机器人概念,人形机器人,电池技术",0,2023-05-26,2026-05-25,724,708,0.9779
605128,上海沿浦,上交所,沪市主板,汽车零部件,上海板块,华为汽车,0,2023-05-26,2026-05-25,724,713,0.9848
605133,嵘泰股份,上交所,沪市主板,汽车零部件,江苏板块,"特斯拉概念,新能源车,工业母机,机器人概念",0,2023-05-26,2026-05-25,724,697,0.9627
605258,协和电子,上交所,沪市主板,元件,江苏板块,PCB,0,2023-05-26,2026-05-25,724,695,0.9599
605488,福莱新材,上交所,沪市主板,塑料,浙江板块,"节能环保,新材料,智能穿戴,苹果概念,一带一路,华为概念,传感器,降解塑料,无线充电,机器人概念,AI手机,人形机器人,消费电子概念",0,2023-05-26,2026-05-25,724,685,0.9461
605566,福莱蒽特,上交所,沪市主板,化学制品,浙江板块,光伏概念,0,2023-05-26,2026-05-25,724,710,0.9807
920003,中诚咨询,北交所,北交所,工程咨询服务Ⅱ,江苏板块,次新股,0,2025-11-07,2026-05-26,131,130,0.9924
920005,鼎佳精密,北交所,北交所,消费电子,江苏板块,"次新股,汽车热管理,AI眼镜",0,2025-07-31,2026-05-26,196,195,0.9949
920018,宏远股份,北交所,北交所,电网设备,辽宁板块,"次新股,新能源车,特高压,电网概念",0,2025-08-20,2026-05-26,182,181,0.9945
920026,卓兆点胶,北交所,北交所,专用设备,江苏板块,"光伏概念,苹果概念,新能源车,半导体概念,机器人概念,AI眼镜",0,2023-10-19,2026-05-26,629,626,0.9952
920035,精创电气,北交所,北交所,自动化设备,江苏板块,"次新股,冷链物流",0,2025-12-02,2026-05-26,114,113,0.9912
920046,亿能电力,北交所,北交所,电网设备,江苏板块,储能概念,0,2023-05-26,2026-05-26,725,720,0.9931
920047,诺思兰德,北交所,北交所,生物制品,北京板块,"重组蛋白,创新药",0,2023-05-26,2026-05-26,725,725,1.0
920050,爱舍伦,北交所,北交所,医疗器械,江苏板块,"次新股,医疗器械概念",0,2026-01-21,2026-05-26,80,79,0.9875
920055,隆源股份,北交所,北交所,汽车零部件,浙江板块,"次新股,特斯拉概念,新能源车,小米汽车",0,2026-03-31,2026-05-26,37,36,0.973
920060,万源通,北交所,北交所,元件,江苏板块,"特斯拉概念,无人驾驶,PCB,新能源车,汽车热管理,机器人概念,光通信模块,AIPC,通信技术",0,2024-11-19,2026-05-26,366,365,0.9973
920078,族兴新材,北交所,北交所,金属新材料,湖南板块,"次新股,新材料,华为汽车",0,2026-03-18,2026-05-26,46,44,0.9565
920086,科马材料,北交所,北交所,汽车零部件,浙江板块,"次新股,一带一路,新能源车,华为汽车",0,2026-01-16,2026-05-26,83,82,0.988
920092,汉鑫科技,北交所,北交所,IT服务Ⅱ,山东板块,"智慧城市,人工智能,无人驾驶,工业互联,互联医疗,华为概念,智慧政务,车联网(车路云),东数西算,信创,算力概念,财税数字化,AI应用",0,2023-05-26,2026-05-26,725,716,0.9876
920101,志高机械,北交所,北交所,工程机械,浙江板块,"次新股,一带一路,中俄贸易概念",0,2025-08-14,2026-05-26,186,185,0.9946
920110,雷特科技,北交所,北交所,其他电源设备Ⅱ,广东板块,"LED概念,智能家居",0,2023-05-26,2026-05-26,725,724,0.9986
920111,聚星科技,北交所,北交所,电网设备,浙江板块,"充电桩,新能源车,储能概念",0,2024-11-11,2026-05-26,372,369,0.9919
920112,巴兰仕,北交所,北交所,专用设备,上海板块,"次新股,贬值受益",0,2025-08-28,2026-05-26,176,175,0.9943
920121,江天科技,北交所,北交所,包装印刷,江苏板块,"造纸印刷,次新股",0,2025-12-25,2026-05-26,97,96,0.9897
920177,恒道科技,北交所,北交所,通用设备,浙江板块,"次新股,新能源车",0,2026-04-16,2026-05-26,26,25,0.9615
920187,通领科技,北交所,北交所,汽车零部件,上海板块,"次新股,新能源车,新型工业化",0,2026-03-05,2026-05-26,55,54,0.9818
920199,倍益康,北交所,北交所,小家电,四川板块,"西部大开发,医疗器械概念,鸿蒙概念,机器人概念,谷子经济",0,2023-05-26,2026-05-26,725,717,0.989
920239,长虹能源,北交所,北交所,电池,四川板块,"锂电池概念,西部大开发,央国企改革,固态电池,人形机器人,电池技术",0,2023-05-26,2026-05-26,725,723,0.9972
920284,灵鸽科技,北交所,北交所,专用设备,江苏板块,"锂电池概念,固态电池,电池技术",0,2023-12-19,2026-05-26,586,577,0.9846
920396,常辅股份,北交所,北交所,自动化设备,江苏板块,"核能核电,工业互联,可控核聚变",0,2023-05-26,2026-05-26,725,721,0.9945
920509,同惠电子,北交所,北交所,通用设备,江苏板块,"华为概念,第三代半导体,华为海思",0,2023-05-26,2026-05-26,725,720,0.9931
920570,坤博精工,北交所,北交所,通用设备,浙江板块,"光伏概念,风能,海工装备,半导体概念,工业母机,机器人概念,新型工业化",0,2023-11-23,2026-05-26,604,597,0.9884
920592,华信永道,北交所,北交所,软件开发,北京板块,"国产软件,智慧政务,数字经济,信创,智谱AI概念",0,2023-07-10,2026-05-26,696,685,0.9842
920640,富士达,北交所,北交所,通信设备,陕西板块,"军工,西部大开发,央国企改革,量子科技,5G概念,华为概念,卫星互联网,商业航天,6G概念,毫米波概念,低空经济,铜缆高速连接,通信技术",0,2023-05-26,2026-05-26,725,724,0.9986
920693,阿为特,北交所,北交所,通用设备,上海板块,"医疗器械概念,半导体概念,液冷概念",0,2023-10-27,2026-05-26,623,615,0.9872
920725,惠丰钻石,北交所,北交所,通用设备,河南板块,"半导体概念,第三代半导体,培育钻石",0,2023-05-26,2026-05-26,725,719,0.9917
920748,路桥信息,北交所,北交所,IT服务Ⅱ,福建板块,"物联网,云计算,智慧城市,大数据,央国企改革,人工智能,车联网(车路云),数字经济,多模态AI,低空经济,DeepSeek概念",0,2023-08-16,2026-05-26,669,657,0.9821
920779,武汉蓝电,北交所,北交所,电池,湖北板块,"锂电池概念,国产软件,固态电池,电池技术",0,2023-06-01,2026-05-26,721,717,0.9945
920799,艾融软件,北交所,北交所,软件开发,上海板块,"互联网金融,国产软件,虚拟现实,人工智能,华为概念,数字货币,国产芯片,鸿蒙概念,华为欧拉,跨境支付,信创",0,2023-05-26,2026-05-26,725,719,0.9917
920839,万通液压,北交所,北交所,工程机械,山东板块,"军工,新能源车,机器人概念",0,2023-05-26,2026-05-26,725,724,0.9986
920953,国子软件,北交所,北交所,IT服务Ⅱ,山东板块,"物联网,云计算,国产软件,人工智能,生物识别,数据安全,信创,AI应用",0,2023-08-23,2026-05-26,664,658,0.991
920971,天马新材,北交所,北交所,非金属材料Ⅱ,河南板块,"新材料,锂电池概念,半导体概念,固态电池,高带宽内存,玻璃基板,电池技术",0,2023-05-26,2026-05-26,725,720,0.9931
920976,XD视声智,北交所,北交所,计算机设备,广东板块,"智慧城市,安防概念,智能家居",0,2023-09-01,2026-05-26,657,652,0.9924
